Tellus Faucibus Corp.|(05586) 5459284|365-2545 Torquent Rd.|Gatineau|Tellus Faucibus Corp.|nec@vestibulumMauris.net|bibendum ullamcorper.
Tortor Corp.|(08990) 8320177|8794 Pede Rd.|Kitimat|Tortor Corp.|ultrices.a.auctor@Duis.co.uk|vel
Convallis Ligula Corp.|(056) 86155508|Ap #297-5145 Ipsum St.|Sikar|Convallis Ligula Corp.|ut.lacus@venenatisvelfaucibus.com|sollicitudin
Egestas Rhoncus Proin Company|(00490) 8326064|Ap #269-1293 Proin Road|Fossato Serralta|Egestas Rhoncus Proin Company|Morbi.vehicula@velest.co.uk|Duis
Elementum Corporation|(054) 05570162|736-5810 Urna, Rd.|Cametá|Elementum Corporation|enim@Nunclaoreetlectus.co.uk|feugiat
Libero Dui Nec Inc.|(035106) 947614|Ap #322-5027 Ultricies Street|Aschaffenburg|Libero Dui Nec Inc.|Morbi.neque@liberomaurisaliquam.com|non, luctus
Vulputate Ltd|(037288) 227713|542 Montes, Av.|Legal|Vulputate Ltd|blandit.enim@dapibus.co.uk|diam at
Semper Company|(04962) 3603429|9483 Molestie Rd.|Fabro|Semper Company|vitae@facilisisvitaeorci.ca|arcu.
Urna Convallis PC|(0199) 55486739|505 Ullamcorper, Rd.|Bergen Mons|Urna Convallis PC|Nulla.facilisis@erosnec.edu|consectetuer mauris
Egestas A Corporation|(007) 65143245|2739 Luctus. Street|Posina|Egestas A Corporation|at@justonec.ca|nec mauris
Ligula LLC|(019) 72124687|Ap #448-5823 Mollis. Av.|Corswarem|Ligula LLC|id.risus.quis@posuereat.ca|lorem fringilla
Diam Pellentesque Habitant Consulting|(07243) 4783021|P.O. Box 706, 4561 Laoreet St.|Waalwijk|Diam Pellentesque Habitant Consulting|feugiat.Sed@Aeneanmassa.edu|neque
Non Cursus Non LLC|(031115) 716030|6309 Pede Road|Windermere|Non Cursus Non LLC|mauris@eget.ca|massa. Vestibulum
Leo Foundation|(033199) 697905|Ap #182-2111 Etiam Rd.|Boise|Leo Foundation|lorem@velit.edu|est,
Magna Sed Eu Limited|(091) 58339164|P.O. Box 755, 3350 Duis Ave|Le Cannet|Magna Sed Eu Limited|iaculis@cursus.ca|magna. Lorem
Bibendum Sed Inc.|(094) 36011397|1784 Eu Avenue|Hathras|Bibendum Sed Inc.|orci.adipiscing@metusIn.ca|facilisis facilisis,
Libero Morbi Incorporated|(0621) 70659140|9118 Nec Rd.|Sparwood|Libero Morbi Incorporated|dui@lectus.ca|sapien.
Diam Inc.|(032903) 575441|P.O. Box 483, 7159 Malesuada St.|Montebello|Diam Inc.|Nunc@rutrumlorem.ca|Duis elementum,
Egestas Urna Justo Incorporated|(030124) 060195|2249 Justo St.|Fort Wayne|Egestas Urna Justo Incorporated|massa.Integer.vitae@euaccumsansed.edu|semper erat,
Lorem Incorporated|(078) 46695756|3460 Augue Street|Ham-sur-Heure-Nalinnes|Lorem Incorporated|eu.dolor@idblandit.org|Duis
Ut Nulla Ltd|(01643) 3139993|Ap #209-4433 Cum St.|Frasnes-lez-Gosselies|Ut Nulla Ltd|a.facilisis@pede.edu|tellus justo
Vel Est Tempor Incorporated|(0884) 01337957|Ap #667-6662 Aptent St.|Meerdonk|Vel Est Tempor Incorporated|nonummy@dolordolortempus.ca|volutpat ornare,
Phasellus Dapibus Institute|(0774) 08076711|679-4997 Tortor St.|Carson City|Phasellus Dapibus Institute|Duis@auctornon.org|odio
Ac Arcu Company|(00404) 5671796|Ap #229-4923 Hendrerit Street|Heusden|Ac Arcu Company|Fusce@utlacus.ca|non
Venenatis Lacus Etiam Institute|(05067) 5962430|502-6352 Lorem, Rd.|Troon|Venenatis Lacus Etiam Institute|eleifend@lacinia.edu|dui augue
Dapibus Ligula Aliquam Inc.|(0470) 38270405|Ap #930-5179 Bibendum Av.|Murdochville|Dapibus Ligula Aliquam Inc.|Vivamus.molestie@disparturient.org|fermentum
Elit Pretium Inc.|(06638) 1039916|9950 Ut Rd.|Huntsville|Elit Pretium Inc.|enim.consequat@ultricesVivamus.com|eget
Facilisis Company|(0668) 64599441|P.O. Box 522, 6398 Sem. Rd.|Detroit|Facilisis Company|justo@bibendumsedest.co.uk|Proin ultrices.
Semper Ltd|(052) 91719721|P.O. Box 285, 675 Orci. Av.|Chestermere|Semper Ltd|enim.gravida.sit@Cras.ca|Aliquam nec
Fermentum Risus At Associates|(007) 96259011|P.O. Box 424, 3682 Mauris Rd.|Freiberg|Fermentum Risus At Associates|purus.accumsan.interdum@luctus.net|senectus et
Amet Consectetuer Foundation|(036115) 246783|Ap #476-3271 Quam Street|Moffat|Amet Consectetuer Foundation|Nullam.vitae@gravidamauris.edu|nisi sem
Fusce Inc.|(02751) 8255022|P.O. Box 872, 8947 Quisque St.|Monteu Roero|Fusce Inc.|tempus.eu.ligula@eratSednunc.net|est, vitae
Dolor Dolor Limited|(0274) 97569722|Ap #151-1120 Feugiat. Ave|Silverton|Dolor Dolor Limited|dapibus.id@morbi.org|dui
Libero Limited|(085) 12451028|P.O. Box 254, 6960 Ornare Rd.|Scarborough|Libero Limited|Integer.id.magna@neceuismod.co.uk|In mi
Cursus Et Institute|(034303) 502454|Ap #848-2267 Dictum Road|Builth Wells|Cursus Et Institute|Donec.consectetuer@laciniaatiaculis.net|Vestibulum ante
Euismod Limited|(0329) 74107981|P.O. Box 765, 1237 Tempus Ave|Kettering|Euismod Limited|amet.metus@dolor.net|risus. Nunc
Pellentesque Massa Lobortis Corporation|(01688) 9973117|P.O. Box 249, 958 Felis Ave|Holman|Pellentesque Massa Lobortis Corporation|tortor.at@amagna.edu|eleifend non,
Dictum Sapien Ltd|(00568) 7451811|163-7737 Auctor Av.|Saint-Eug?ne-de-Guigues|Dictum Sapien Ltd|iaculis.nec@idante.com|Quisque
Eu Sem Pellentesque Company|(0168) 74121559|P.O. Box 664, 2721 Scelerisque Avenue|Virginia Beach|Eu Sem Pellentesque Company|vel.venenatis.vel@Utsemper.co.uk|risus.
Ac Consulting|(030) 40842504|235 Augue Avenue|Moulins|Ac Consulting|eleifend.nunc.risus@non.org|magna
Donec Dignissim LLP|(038770) 303235|Ap #946-2973 Mi. Avenue|Cour-sur-Heure|Donec Dignissim LLP|eget.lacus.Mauris@PhasellusornareFusce.co.uk|pharetra. Nam
Placerat Orci Inc.|(035111) 135781|P.O. Box 296, 7065 Tristique Av.|San Vito al Tagliamento|Placerat Orci Inc.|natoque@Maurisvestibulumneque.org|Nunc
Ac Turpis Limited|(0689) 97915760|250-2861 Conubia Road|Poznań|Ac Turpis Limited|aliquet.sem.ut@egestasascelerisque.ca|pretium et,
Massa Quisque PC|(098) 57220445|793-5733 Commodo St.|Kobbegem|Massa Quisque PC|nunc.ullamcorper.eu@lacusEtiambibendum.com|ac ipsum.
Odio Etiam Ligula PC|(033266) 528388|198-9795 Sociis Road|Altidona|Odio Etiam Ligula PC|lorem.auctor@nislelementumpurus.com|vitae risus.
Phasellus In Felis Industries|(038793) 648440|527-7333 In Avenue|Casalbuono|Phasellus In Felis Industries|in.sodales@natoquepenatibus.org|a
Velit Eget Consulting|(032343) 857952|8686 Fusce Street|Kontich|Velit Eget Consulting|Cras.vulputate.velit@felis.net|urna. Nunc
Eu Enim Etiam Consulting|(05454) 1459058|P.O. Box 862, 8840 Dui, Rd.|Schw�bisch Gm�nd|Eu Enim Etiam Consulting|ipsum.leo.elementum@lectusjustoeu.edu|at
Faucibus Company|(09081) 5894315|P.O. Box 235, 317 Tincidunt Ave|Oliver|Faucibus Company|sapien.Cras.dolor@elit.net|sollicitudin
Per Conubia Limited|(075) 46150672|7624 Sed, Rd.|Chicoutimi|Per Conubia Limited|enim@accumsansedfacilisis.org|ultrices,
Nibh Donec Ltd|(022) 71110856|P.O. Box 359, 7523 Mauris Rd.|Des Moines|Nibh Donec Ltd|fringilla.purus@dictumeuplacerat.com|nec,
Id Libero Donec Consulting|(047) 26948869|829-1371 Proin Rd.|San Benedetto del Tronto|Id Libero Donec Consulting|a.purus@in.ca|eu neque
Aliquam Gravida Mauris Incorporated|(038201) 594386|568-1413 Euismod Rd.|Basildon|Aliquam Gravida Mauris Incorporated|commodo.at@lectus.co.uk|Phasellus in
Cursus Non Egestas PC|(0174) 67807889|845-5960 Nunc Rd.|Castelvetere in Val Fortore|Cursus Non Egestas PC|consequat.auctor@dignissimmagnaa.com|placerat,
Sem Egestas Corporation|(07653) 1643643|P.O. Box 306, 475 Eu Street|Kasur|Sem Egestas Corporation|Quisque@arcu.edu|nascetur ridiculus
Justo Sit Amet LLP|(039237) 079254|Ap #656-532 Posuere Rd.|Tintigny|Justo Sit Amet LLP|Mauris.blandit.enim@risusodioauctor.ca|luctus
Elit Pellentesque A Consulting|(007) 04047585|P.O. Box 118, 8336 Ut St.|Biesme-sous-Thuin|Elit Pellentesque A Consulting|libero@ac.net|enim.
Eu LLP|(0366) 41356565|322-5914 Quisque Street|Bolinne|Eu LLP|semper.pretium.neque@sollicitudinamalesuada.net|laoreet, libero
Vulputate Limited|(089) 95226670|6864 Tincidunt, Avenue|Buxton|Vulputate Limited|Quisque.libero.lacus@nuncsedpede.org|convallis
Scelerisque PC|(0338) 70270485|Ap #268-869 Ornare Street|Kuringen|Scelerisque PC|ornare.Fusce.mollis@Donectincidunt.edu|arcu.
Aliquam Rutrum Lorem Limited|(087) 32914100|P.O. Box 926, 3291 Mauris Road|Heist-op-den-Berg|Aliquam Rutrum Lorem Limited|mi.felis@erat.org|erat
Augue Porttitor Interdum Inc.|(05467) 0189492|P.O. Box 211, 4009 Imperdiet Road|Otukpo|Augue Porttitor Interdum Inc.|magna@dolorsitamet.co.uk|a sollicitudin
Facilisis Magna Tellus LLC|(030714) 972280|Ap #553-9678 Sed, Ave|Schagen|Facilisis Magna Tellus LLC|volutpat@porttitor.co.uk|luctus
Pellentesque Associates|(032158) 073717|304 Eu St.|Przemyśl|Pellentesque Associates|mauris@massaSuspendisse.ca|sollicitudin
Non Bibendum Limited|(031) 98097991|P.O. Box 434, 9564 Tellus, Road|Jemeppe-sur-Sambre|Non Bibendum Limited|risus@nunc.co.uk|accumsan
Mi Ac Mattis Inc.|(076) 12372385|Ap #906-6597 Ullamcorper Street|Dortmund|Mi Ac Mattis Inc.|neque@placeratvelitQuisque.edu|enim.
Arcu Curabitur Ut Corporation|(039658) 189518|397-5380 Aliquet, Av.|Villa Verde|Arcu Curabitur Ut Corporation|diam.Sed@Suspendisse.edu|lobortis mauris.
Ligula Donec Luctus Industries|(0059) 75438594|444-9318 Mus. St.|Priolo Gargallo|Ligula Donec Luctus Industries|Aliquam.ornare.libero@neque.co.uk|sed
Cursus Vestibulum Incorporated|(031636) 582235|622-6066 Phasellus St.|Flamierge|Cursus Vestibulum Incorporated|montes.nascetur@ullamcorper.org|libero.
Semper Pretium Neque Inc.|(0575) 43246105|P.O. Box 435, 8984 Duis St.|Sesto Campano|Semper Pretium Neque Inc.|sed@Lorem.ca|lorem, vehicula
Rutrum Urna Nec Industries|(071) 38371076|Ap #198-3666 Sem St.|Ercolano|Rutrum Urna Nec Industries|dolor.egestas@dui.co.uk|ipsum nunc
Sed Institute|(050) 35388730|9266 Duis St.|Corroy-le-Grand|Sed Institute|Vivamus.euismod@maurisrhoncusid.net|aliquet vel,
Tellus Ltd|(038) 52198393|921-977 Varius Av.|Bad D�rkheim|Tellus Ltd|nonummy.Fusce@utnisia.net|morbi tristique
Nascetur Ridiculus Incorporated|(059) 80558339|Ap #467-2405 Dui. St.|Przemyśl|Nascetur Ridiculus Incorporated|ultrices.posuere.cubilia@auctorvitaealiquet.ca|egestas. Fusce
Enim Limited|(031069) 558996|3091 Lobortis. Ave|Kempten|Enim Limited|lobortis.augue@orcitincidunt.org|volutpat. Nulla
Elit Pretium Ltd|(06459) 7489022|8307 Maecenas St.|Poggio San Marcello|Elit Pretium Ltd|lectus@Duis.ca|nunc risus
Augue Scelerisque Mollis Foundation|(0674) 54321716|857-833 Varius Road|Morro Reatino|Augue Scelerisque Mollis Foundation|fermentum.vel@dignissimMaecenas.org|eu tempor
Nulla Tempor Augue Inc.|(02034) 3915400|P.O. Box 880, 8669 Sit Street|Piringen|Nulla Tempor Augue Inc.|elit@Nam.ca|dui,
Et Magnis Dis Corporation|(0815) 00452169|P.O. Box 773, 7585 Lobortis Avenue|Bathurst|Et Magnis Dis Corporation|Mauris@Praesenteudui.edu|Suspendisse
Id Nunc Interdum Industries|(0836) 18779547|3408 At St.|Borsbeek|Id Nunc Interdum Industries|lacus.Quisque.imperdiet@dolorsit.net|leo,
Sagittis Consulting|(0245) 01920338|P.O. Box 711, 2861 A, Ave|Rotheux-Rimi�re|Sagittis Consulting|rutrum@nibhvulputatemauris.org|eu
Vivamus Nisi Mauris Limited|(07714) 1236887|Ap #792-419 Fringilla Rd.|Miami|Vivamus Nisi Mauris Limited|sed.est.Nunc@Quisqueornare.co.uk|cursus
Felis Adipiscing Corporation|(039096) 871480|9112 Sagittis Rd.|Mont|Felis Adipiscing Corporation|luctus.sit@nibhDonec.com|tortor at
Duis Industries|(01361) 7456652|P.O. Box 556, 468 Gravida Ave|Whitby|Duis Industries|a.nunc@inmolestietortor.com|semper. Nam
Nec Industries|(0974) 76253147|Ap #277-5724 Bibendum. Street|Edremit|Nec Industries|elit.erat.vitae@velitPellentesqueultricies.edu|a tortor.
Est Tempor Bibendum Incorporated|(086) 55859611|Ap #991-2643 Eu, St.|Campinas|Est Tempor Bibendum Incorporated|purus.Duis@acturpis.org|amet orci.
Ullamcorper Nisl Arcu Inc.|(077) 12499101|8555 Neque. Rd.|Montebello|Ullamcorper Nisl Arcu Inc.|risus.Donec.nibh@ornare.ca|magna. Cras
Tortor Nunc Commodo Company|(0955) 25196391|Ap #456-6494 Mi Rd.|Heredia|Tortor Nunc Commodo Company|per@molestie.com|semper auctor.
Nullam Corp.|(01674) 4434143|P.O. Box 269, 2619 Senectus Rd.|Ussassai|Nullam Corp.|a.mi@pede.com|enim.
Risus Foundation|(08716) 4405750|418-3904 Vivamus Street|Nashik|Risus Foundation|nonummy@placerataugue.edu|mi, ac
Pede Cras Vulputate Company|(038032) 339205|607-1366 Etiam Street|Desamparados|Pede Cras Vulputate Company|luctus.aliquet@acsem.net|massa. Quisque
Mattis Velit Justo Consulting|(034650) 059804|P.O. Box 156, 5603 Diam Av.|Brandenburg|Mattis Velit Justo Consulting|vitae.erat.Vivamus@Duis.ca|ligula. Aenean
Velit Company|(0100) 46592705|P.O. Box 402, 5473 Eu, Avenue|Somma Lombardo|Velit Company|vulputate.posuere@eget.edu|ligula. Aliquam
Nisi Cum Inc.|(021) 35334795|677-5802 Cras Ave|Bavikhove|Nisi Cum Inc.|Nunc@atpede.co.uk|cubilia
Porttitor Company|(09111) 4459580|835 Dictum Rd.|Cropalati|Porttitor Company|lobortis@tellusSuspendissesed.edu|dignissim pharetra.
Nunc Quisque Ornare Company|(038519) 992109|Ap #368-8705 Sed Rd.|Homburg|Nunc Quisque Ornare Company|interdum@sed.net|vestibulum
Luctus Et Foundation|(0817) 06158662|P.O. Box 191, 6994 Nisl. Street|Chandler|Luctus Et Foundation|sapien.molestie@lectusCumsociis.com|montes, nascetur
Quis Diam Luctus Associates|(031079) 704360|Ap #698-7860 Nunc Rd.|Baie-Saint-Paul|Quis Diam Luctus Associates|tincidunt.congue.turpis@aliquetodioEtiam.co.uk|Aliquam
Dolor Dapibus Gravida PC|(028) 73451172|P.O. Box 473, 1734 Nulla Street|Viddalba|Dolor Dapibus Gravida PC|sed@doloregestasrhoncus.ca|non
Mus Inc.|(00242) 8606241|8773 Ultrices Rd.|Mandi Bahauddin|Mus Inc.|dis@rutrum.ca|neque