name|date|street|city|date_length|discount|seats|price
Phasellus|26/12/15|7706 Consequat Street|Sankt Johann im Pongau|3|0.45|195|6.32
ornare, elit|05/04/15|P.O. Box 769, 6606 Libero Road|Wyoming|3|0.48|208|4.31
eu tellus. Phasellus|06/05/15|Ap #120-7118 Sem Ave|Fréjus|3|0.31|206|4.33
vulputate,|05/04/15|P.O. Box 433, 200 Faucibus Street|Whitehorse|2|0.23|216|3.47
Cras|18/10/15|794 Nisl St.|Chambord|3|0.54|186|1.17
mauris erat|09/07/15|760 Ipsum Road|Erpe|2|0.52|206|8.58
Mauris ut quam|21/10/15|6489 Posuere Road|Midnapore|3|0.98|214|5.36
quam|27/01/16|Ap #596-8427 Eu Road|Belfort|2|0.74|206|7.87
Ut|22/08/15|421-6837 Massa. Rd.|Lublin|3|0.27|191|6.57
ullamcorper, nisl arcu|10/03/16|P.O. Box 156, 5254 Nunc Av.|Vlissegem|2|0.85|209|3.65
et,|04/09/15|Ap #683-5900 Amet Street|Bicester|2|0.40|184|8.22
cursus. Integer|06/09/15|Ap #967-5522 Erat Rd.|Godhra|2|0.67|197|2.20
libero.|10/05/15|3550 Eu, Rd.|Trois-Rivi?res|3|0.38|192|5.66
arcu.|04/07/15|Ap #896-5261 Varius St.|Uberaba|3|0.74|215|0.42
mollis nec, cursus|30/04/15|989-7818 Rutrum Av.|Carstairs|2|0.48|183|2.82
Nam ac|18/01/16|974-2646 Mattis Rd.|Lennik|3|0.32|193|9.68
a|16/06/15|Ap #260-6677 Curabitur Street|Stratford-upon-Avon|3|0.02|200|1.21
Nulla semper|30/08/15|Ap #767-2419 Euismod Rd.|Nashik|2|0.86|182|7.89
Nulla interdum.|31/12/15|3975 Id Road|Ehein|2|0.28|201|6.06
auctor ullamcorper,|01/06/15|4012 Et Av.|Montgomery|3|0.16|185|6.34
non nisi. Aenean|05/04/15|P.O. Box 825, 4758 At Rd.|Torgnon|3|0.00|216|5.13
pretium aliquet,|03/08/15|271-9244 Ipsum Street|Desteldonk|3|0.01|192|0.99
nisl. Quisque|26/07/15|547-2893 Lacus, Road|Middlesbrough|3|0.25|181|1.26
tempor|30/05/15|692-2403 Purus. Rd.|San José|2|0.23|206|9.31
sit amet,|07/07/15|674-6096 Ultrices Avenue|Etterbeek|3|0.58|208|7.69
cursus non, egestas|28/01/16|267-9816 At, St.|Galashiels|3|0.59|187|5.42
ipsum|16/02/16|447-7420 Suspendisse St.|Puntarenas|2|0.69|203|7.43
vehicula et,|21/01/16|Ap #966-2864 Id Rd.|Cambridge Bay|2|0.56|216|5.36
luctus et ultrices|10/01/16|P.O. Box 215, 3958 Lectus. Av.|Castelluccio Inferiore|2|0.37|187|1.81
amet, consectetuer adipiscing|06/11/15|1361 Elit, Road|Anglet|3|0.72|201|1.59
non, egestas a,|12/08/15|P.O. Box 255, 9681 Massa St.|Treglio|2|0.33|188|3.33
molestie|17/11/15|453 Et St.|Blois|3|0.20|203|3.98
tortor, dictum|15/02/16|9287 Mauris Ave|Geleen|3|0.70|216|4.45
velit|19/11/15|Ap #729-6708 Dictum Street|Bolinne|2|0.71|215|3.62
mollis. Duis|22/03/15|Ap #150-2580 Phasellus St.|Bridlington|3|0.85|204|7.00
vel arcu|11/11/15|Ap #220-7132 Arcu. Rd.|Parla|2|0.33|211|6.41
viverra. Donec|18/10/15|P.O. Box 547, 994 Ligula. Street|West Jordan|2|0.49|217|4.64
dolor. Quisque|20/10/15|Ap #907-5489 Egestas, Street|Virton|2|0.19|210|4.57
nonummy ipsum|10/07/15|P.O. Box 440, 4923 Ac, Road|Linz|2|0.03|180|3.35
vitae,|04/03/16|P.O. Box 377, 1366 Amet, Ave|Vilna|3|0.28|218|1.48
vehicula. Pellentesque|31/08/15|P.O. Box 544, 7475 Duis St.|Mont-sur-Marchienne|2|0.75|215|1.57
Nunc|07/12/15|509-5299 Primis Rd.|Saltcoats|3|0.65|206|0.61
ultrices. Duis volutpat|06/12/15|Ap #928-9582 Phasellus Rd.|Haverhill|3|0.47|206|8.65
Nulla facilisis. Suspendisse|18/09/15|Ap #723-9656 Sed Rd.|Guwahati|3|0.42|201|7.12
nibh sit amet|12/11/15|P.O. Box 477, 8122 Fames Av.|Wodonga|3|0.39|187|9.59
lorem fringilla|26/09/15|Ap #817-5449 Eros. Rd.|Newport News|2|0.58|213|9.73
tellus. Aenean egestas|01/05/15|1671 Erat. Rd.|Gold Coast|3|0.78|182|7.54
arcu.|19/05/15|7827 Enim. Rd.|Paisley|3|0.94|187|0.53
tincidunt, nunc ac|21/07/15|666-3197 Malesuada. St.|Silius|2|0.12|200|2.59
sapien imperdiet|16/07/15|877-330 Gravida Avenue|Bala|2|0.07|194|2.57
scelerisque neque sed|25/05/15|P.O. Box 907, 3687 Sed Rd.|Ranst|2|0.19|181|8.77
Nunc ullamcorper, velit|10/02/16|4231 Aliquet Ave|Delitzsch|3|0.24|188|2.92
nostra, per|24/03/15|2838 Ornare. Rd.|Sete Lagoas|2|0.20|220|6.60
lacinia|15/01/16|276-9660 Dui St.|Stafford|2|0.18|197|9.87
consectetuer rhoncus. Nullam|05/05/15|567-8356 Auctor Avenue|Eindhout|2|0.72|196|1.88
scelerisque neque.|09/03/16|Ap #951-7621 Montes, St.|Clare|2|0.24|214|5.26
tortor,|22/01/16|P.O. Box 569, 7136 Risus. Rd.|Corroy-le-Grand|2|0.94|202|3.42
Nam|25/10/15|880-1403 Vitae St.|Kortessem|2|0.67|190|0.81
est|04/06/15|632-6112 Odio. Av.|Jaboatão dos Guararapes|3|0.62|208|4.14
mus. Proin|04/05/15|P.O. Box 492, 3984 Vitae Rd.|Wood Buffalo|3|0.04|195|3.08
Donec egestas. Aliquam|15/11/15|Ap #463-8606 Consequat Avenue|Napier|3|0.51|202|1.56
urna. Nullam lobortis|07/07/15|589-6485 Augue, Street|Subbiano|3|0.20|189|5.70
consectetuer ipsum nunc|16/05/15|Ap #715-1165 Libero. Ave|Alva|2|0.52|208|2.43
nunc id|23/07/15|459 Velit Street|Port Blair|2|0.88|199|0.45
tortor. Nunc|17/12/15|754-8633 Nisl St.|Barnstaple|2|0.34|209|2.09
nibh. Aliquam ornare,|04/11/15|P.O. Box 536, 566 In Road|Leamington|2|0.61|210|0.40
tellus id|21/06/15|Ap #238-6637 Aliquam Road|Sovizzo|3|0.23|205|6.92
velit dui,|11/10/15|Ap #595-5192 Vivamus Ave|Klabbeek|3|0.71|196|5.91
interdum. Sed|18/02/16|Ap #251-6732 Dictum. Av.|Schweinfurt|2|0.33|210|8.16
ac|19/10/15|P.O. Box 751, 7662 Sagittis Street|Warburg|2|0.38|199|9.71
purus, in molestie|07/10/15|596-5689 Natoque Avenue|Houtave|3|0.54|216|4.59
Proin|03/06/15|9272 Nunc St.|Poole|3|0.08|197|3.88
enim mi tempor|22/06/15|Ap #421-245 Porttitor Street|Cupar|2|0.21|194|0.71
elit, pellentesque|13/08/15|2649 Nunc Ave|Varsenare|3|0.47|189|6.81
dolor,|10/08/15|145-7536 Ut Rd.|Orilla|2|0.37|218|1.82
nascetur ridiculus|22/06/15|106-9956 Magna Ave|Waterbury|2|0.36|190|4.75
cubilia|12/09/15|P.O. Box 367, 4055 In Rd.|Lillianes|3|0.40|181|1.49
ridiculus|20/03/15|Ap #484-2901 Vulputate Rd.|Zwijnaarde|2|0.09|215|2.96
egestas, urna|16/06/15|9322 Penatibus Avenue|Austin|2|0.20|180|5.17
Donec sollicitudin|15/06/15|P.O. Box 576, 8558 Vehicula Avenue|Saint-Nazaire|3|0.51|194|7.23
Quisque porttitor|31/03/15|P.O. Box 821, 5223 In Rd.|Springfield|2|0.54|184|5.85
at fringilla|12/08/15|1320 Egestas Avenue|Wałbrzych|3|0.48|208|0.92
Donec dignissim magna|15/06/15|P.O. Box 810, 6188 Netus Ave|Weiz|3|0.10|206|8.26
semper.|17/04/15|315-7444 Lacus Rd.|Thuillies|3|0.16|214|7.34
cursus. Integer|19/05/15|2127 Lobortis. Avenue|Balfour|2|0.27|188|4.77
ut mi.|24/06/15|806-5772 A, Av.|Waver|2|0.36|185|2.63
eu odio|24/03/15|Ap #765-6252 Luctus Street|Frignano|3|0.46|187|4.45
Nulla facilisi.|04/06/15|P.O. Box 772, 8601 Elit Rd.|Vezin|2|0.02|213|2.57
et malesuada fames|22/01/16|795-1626 Sem Ave|Giustino|2|0.49|213|6.12
odio. Nam interdum|17/06/15|2522 Ipsum Ave|Flawinne|3|0.37|190|7.89
tristique ac,|14/06/15|7492 Nam Av.|Conca Casale|3|0.72|214|3.11
Nunc mauris|29/07/15|342-1380 Magna. Rd.|Vieux-Genappe|3|0.32|205|0.99
arcu|15/01/16|9500 Purus St.|Certaldo|3|0.60|220|9.68
arcu. Vestibulum ut|09/03/16|Ap #749-1352 Ullamcorper Ave|Lauregno/Laurein|2|0.47|219|7.54
Cum sociis natoque|24/03/15|145-159 Diam. Rd.|Cuceglio|2|0.58|184|5.51
suscipit, est ac|13/12/15|P.O. Box 624, 3478 Maecenas Avenue|Zelem|3|0.45|190|7.02
auctor. Mauris|02/07/15|P.O. Box 825, 8286 Senectus Road|Anzio|3|0.31|209|1.47
eleifend, nunc risus|05/04/15|449-3097 Ac Av.|Augusta|2|0.17|196|6.02
imperdiet ornare. In|09/01/16|479-5117 Nunc Rd.|Etalle|3|0.56|201|7.97
metus urna|08/06/15|3907 Sem Av.|Goderich|3|0.86|219|0.61